id,sku,short_description,price,list_price,price_usd,discount,discount_rate,review_count,order_count,inventory_status,is_visible,stock_item_qty,stock_item_max_sale_qty,product_name,brand_id,brand_name
2039747,8122174564682,"Bộ Nồi Inox 3 Đáy Sunhouse SH334 bao gồm 3 nồi với kích thước lần lượt 16cm, 20cm và 24cm đáp ứng tốt nhu cầu sử dụng. Thân nồi được thiết kế thân phẳng, kiểu dáng châu Âu sang trọng.Với chất...",489000,690000,,201000,29,95,,available,,1000,1000,,41048,Sunhouse
25421013,6064688338125,"Bộ Nồi Inox 3 Đáy Sunhouse SH335 chất liệu inox sáng bóng, bền đẹp, sử dụng được trên mọi loại bếp.Quai núm bằng inox, đinh tán chắc chắn, an toàn khi sử dụng.Đáy nồi cấu tạo 3 lớp, truyền nhi...",419000,620000,,201000,32,143,,available,,1000,1000,,41048,Sunhouse
83412126,2186358773080,Bình Giữ Nhiệt Lock&Lock Energetic One-Touch Tumbler LHC3249 - 550ML với thiết kế nắp mở một chạm dễ dàng: Đẩy sang trái để mở khóa đồng thời mở nắp.Miệng cốc rộng: Dễ dàng thêm đá viên và chùi ...,246000,528000,,282000,53,3425,,available,,1000,1000,,48077,LocknLock
99621372,4566919726066,"Bình giữ nhiệt Lock&Lock Belt Bottle LHC4267 490ml với quai xách kiểu dáng dây đai giúp dễ dàng mang đi.Tay cầm TPE ngăn nắp rơi ra và mất, dây đai cố định nắp trong khi uống.Nắp được giữ cố ...",235000,473000,,238000,50,1319,,available,,1000,1000,,48077,LocknLock
71890908,5955369732589,Thùng giặt bằng nhựa chắc chắnBộ lau nhà xoay 360 độ SUNHOUSE KS-CL330S được thiết kế tiện dụng với thùng vắt làm bằng nhựa tổng hợp với 2 màu sắc bắt mắt là xanh lá cây và màu tím. Kích thước phù hợ...,246000,406000,,160000,39,587,,available,,1000,1000,,41048,Sunhouse
200960836,7258950772391," Đóng gói:  1 dây đèn fairy light️ Tính năng Dây đèn trang trí giáng sinh với biểu tượng dễ thương như cây thông, người tuyết, ông già Noel và chim cánh cụt. Bóng đèn kiểu fairy light dịu nhẹ, tiết k...",79000,79000,,0,0,16,,available,,1000,1000,,5706641,NAVIVU
186558014,6994053079370,"Combo 10 Móc Dán Tường Treo Đồ Đa Năng Siêu Chịu LựcMỗi miếng dán sử dụng keo cường lực, độ bám dính tốt, nhưng khách chỉ nên dán trên bề mặt tường mịn màng, không lồi lỗ để đảm bảo thời gian sử dụng...",25000,25000,,0,0,353,,available,,1000,1000,,5706641,NAVIVU
42718737,1453303550991,"- Đèn Led Trang Trí Dài 6M - 40 Bóng Trang Trí Noel Lễ Tết là sản phẩm không thể thiếu khi trang trí các quán cafe, nhà hàng , karaoke, lễ hội , các phòng studio chụp ảnh , gia đình các dịp lễ , tết ,...",80000,80000,,0,0,447,,available,,1000,1000,,111461,OEM
273162903,6916374149264," Đóng gói:  1 hộp châu trang trí Noel (Hộp 24 quả)️ Tính năng Quả châu trang trí với nhiều màu sắc thích hợp để trang trí nhà cửa, treo cây thông giáng sinh. Kèm dây trên mỗi quả. Mỗi hộp có 3 loại q...",70000,70000,,0,0,1,,available,,1000,1000,,5706641,NAVIVU
73124602,7494611465205,Bình Giữ Nhiệt Thép Không Gỉ Vacuum Bottle Lock&Lock LHC6180FU (800ml) thiết kế xách tay dễ dàng cho việc mang theo. Màu sắc nổi bật mang đển cảm giác trẻ trung khi sử dụng.Bình giữ nhiệ...,300000,677000,,377000,56,6853,,available,,1000,1000,,48077,LocknLock
195111061,7956346945610,"Chảo chống dính Inox đáy từ nguyên khối đáy liên Elmich Trimax Classic EL-2702OL có cấu tạo 2 lớp thân đáy liền bắt nhiệt nhanh, tỏa nhiệt đềuThân chảo Trimax classic có cấu tạo 2 lớp dày dặn:Chống...",331000,820000,,489000,60,37,,available,,1000,1000,,31627,Elmich
201592117,6014388926718,"Vớ Nhung Đỏ Thêu Chữ Merry Christmas Trang Trí Cây Thông Noel Giáng Sinh Đóng gói:  1 vớ nhung trang trí kích thước cao 16cm, ngang 12cm.️ Tính năng Vớ nhung đỏ được thêu biểu tượng giáng sinh và ch...",30000,30000,,0,0,16,,available,,1000,1000,,5706641,NAVIVU
579962,1221996228592,"Thân nồi được làm bằng inox cao cấpChất liệu inox cao cấp giúp cho bộ nồi SH781 sáng bóng, bền đẹp. Bạn sẽ yên tâm sử dụng sản phẩm trong thời gian dài mà không phải bận tâm về việc nồi bị han gỉ....",559000,559000,,0,0,0,,available,,1000,1000,,41048,Sunhouse
129143705,1375481910388,"       NỒI HẤP INOX 3 TẦNG 28CM   ĐIỂM NỔI BẬT   - Bộ nồi hấp đa năng gồm:01 nồi đáy, 01 giá hấp, 02 miếng lót khi hấp, 1 nắp.   - Dùng được cho mọi loại bếp: bếp từ, bếp ga, bếp hồng ngoại   ...",99000,99000,,0,0,0,,available,,1000,1000,,111461,OEM
48045630,8111055666089,Panasonic là thương hiệu nổi tiếng thế giới chuyên sản xuất các dòng pin gắn trong. Mang lại hiệu suất tuyệt vời cho thiết bị đồng thời bảo vệ môi trườngVới công nghệ NHẬT BẢN Pin CR2032 sẽ mang lại ...,80000,100000,,20000,20,692,,available,,1000,1000,,18804,Panasonic
99868980,5466758134944,"   Bình Giữ Nhiệt Locknlock Bucket Tumbler LHC4269 có tay cầm chắc chắn thuận tiện mang đi.Nắp và lưới lọc có thể tháo rời, dễ dàng vệ sinh.Miệng bình rộng đủ để vệ sinh bên trong và thêm đá v...",225000,473000,,248000,52,2189,,available,,1000,1000,,48077,LocknLock
134360863,2656755417428,"       QUY CÁCH ĐÓNG GÓI : Vỉ 6 Viên Pin   kích thước : AA là pin to hay lắp đồng hồ , chuột không dây , khoá từ , đồ chơi trẻ em    - AAA là pin nhỏ , hay lắp vào remote điều hoà , Máy đo huyết...",77000,90000,,13000,14,95,,available,,1000,1000,,19312,Energizer
54484578,3821461114290,"MÔ TẢ SẢN PHẨM*LƯU Ý !!!: Sản phẩm có 03 phiên bản: Đèn không tích điện: cần phải cắm vào nguồn điện như: ổ điện, máy tính, sạc dự phòng mới có thể sử dụng đượcĐèn tích điện: tích hợp pin lithium...",179000,199000,,20000,10,2086,,available,,1000,1000,,835483,eLights
259514009,5343195603292,"GIÁ SỈ SIÊU LỢI:Giá chỉ còn 800đ Số lượng: 500 cáiGiá chỉ còn 1.000đ Số lượng: 300 cái Muỗng Đong Định Lượng Greenhome, 2 Đầu, Chia Vạch Sẵn, Tiện Lợi, Đong Phân Bón Dạng Bột, Gia Vị  ...",1800,3000,,1200,40,0,,available,,1000,1000,,154455,Greenhome
42465518,2172276129698,#cây thông noel #cay thong noel #cây thông nô en #cay thong no en #cây thông giáng sinh #cay thong giang sinh #ông già noel #ong gia noel #ông già nô en #ong gia no en #trang trí cây thông noel #ông g...,231000,299000,,68000,23,162,,available,,1000,1000,,111461,OEM
195852183,6345258326968,Bình giữ nhiệt bằng thép không gỉ LocknLock Jumbo Tumbler LHC4300 có:Dung tích bình lơn (900 ml) Quai xách chống trượt Miệng bình rộng dễ dàng cho đá vào và dễ dàng chùi rửa Có khay lọc ngăn đá ho...,365000,730000,,365000,50,226,,available,,1000,1000,,48077,LocknLock
262362970,2681401040591,DUNG TÍCH CỐC LỚN ĐỦ ĐỂ CUNG CẤP LƯỢNG NƯỚC HÀNG NGÀYCa giữ nhiệt Flat Table Mug LocknLock LHC4320 để bàn dung tích 730ml giúp bạn duy trì lượng nước cho cơ thểTAY CẦM THOẢI MÁITay cầm nặng giúp b...,256000,540000,,284000,53,77,,available,,1000,1000,,48077,LocknLock
53583472,4451468802389,"Bộ Hộp Cơm Giữ Nhiệt Lock&Lock Easy Carry 2L LHC8039 Có Túi (1 Hộp 720ml, 2 Hộp 420ml Kèm 1 Bộ Muỗng Và Nĩa) được làm bằng chất liệu thép không gỉ cao cấp, không những bền chắc mà còn mang lại hi...",800000,1667000,,867000,52,2612,,available,,1000,1000,,48077,LocknLock
52760599,1154831578678,"Dây đèn LED đom đóm với nhiều bóng nhỏ nối tiếp với khả năng chống nước IP44 để có thể trang trí ngoài trời vào dịp lễ, Tết, giáng sinh.Có nhiều độ dài khác nhau để sử dụng tùy theo mục đích.Sử dụng n...",79000,79000,,0,0,243,,available,,1000,1000,,111461,OEM
174236741,8584642860617,Găng tay cao su tự nhiên Lock&Lock ETM83có móc treo tiện lợi có thể móc lên sau khi sử dụng hoặc giặt rửa.Chất liệu 100% cao su tự nhiên không chứa BPA độc hại.Bảo vệ da và móng giúp tay bạn tr...,27000,56000,,29000,52,117,,available,,1000,1000,,48077,LocknLock
17593518,7271078876801,"Bộ Hộp Cơm Giữ Nhiệt Thép Không Gỉ Lock & Lock LHC8031SLV-OCH - Bạc Gồm 3 hộp: 1 Hộp cơm 460ml, 1 hộp thức ăn 420ml và 1 hộp 280ml, 1 túi đựng, 1 đôi đũaThiết kế sang trọng, đường né...",617000,1285000,,668000,52,925,,available,,1000,1000,,48077,LocknLock
226036798,9070987023180,"Bình Giữ Nhiệt LocknLock 550ml LHC3249 với phần nắp bật dễ dàng mở và thưởng thức đồ uốngHọa tiết hoa anh đào mới lạ, trẻ trungChất liệu bình bằng thép không gỉ 316L giúp sản phẩm chịu nhiệt và chố...",269000,549000,,280000,51,91,,available,,1000,1000,,48077,LocknLock
3480627,9330774535233,"  Bộ Cây Lau Nhà Xoay Tay Compact Spin Mop Lock&Lock ETM466: Thùng Giặt + Cây + Bông LauThùng chứa được làm bằng chất liệu nhựa PP cao cấp, chất lượng, có khả năng chịu được va đập tốt, cho độ...",436000,924000,,488000,53,1283,,available,,1000,1000,,48077,LocknLock
892121,8567702194984,"Pin Max 8 + 4 Viên Energizer E91 BP8+4 AA là sản phẩm có thể sử dụng cho các loại máy ảnh, điều khiển từ xa, đèn Pin, máy chơi game không dây, máy nghe nhạc MP3 và các thiết bị kỹ thuật số cá nhân kh...",129000,129000,,0,0,394,,available,,1000,1000,,19312,Energizer
203757099,4278396651296,MÔ TẢ SẢN PHẨM Ổ Cắm Điện Du Lịch Quốc Tế Đa Năng Tamayoko - Trợ thủ không thể thiếu của bạnTích hợp 3 cổng USB-A và 1 cổng USB type C công suất 15W cho phép sạc nhanh nhiều thiết bị cùng lúcC...,475000,500000,,25000,5,44,,available,,1000,1000,,4244853,Tamayoko
182971940,7966240754631,Bình giữ nhiệt LocknLock có 2 nắp thay thế New Clip Tumbler 540ml LHC4279 có cấu trúc tường đôi cho hiệu quả cách nhiệt và giữ mát xuất sắc cũng như ngăn ngừa được việc đọng nước ngoài thành bình.Ha...,242000,520000,,278000,53,308,,available,,1000,1000,,48077,LocknLock
84566545,3448170956202,Ổ cắm đa năng USB Nakagami công nghệ Nhật Bản. Sản phẩm ổ cắm điện Nakagami có thiết kế kiểu dáng nhỏ gọn có thể sử dụng đa năng cho nhiều vị trí trong gia đình bạn. Thiết kế bao gồm 2 lỗ cắm USB và ...,151050,155000,,3950,3,1003,,available,,1000,1000,,290071,Nakagami
76451291,3971953833717,"Dây đèn LED mini dễ dàng uốn cong để bạn trang trí tiệc hay quấn quanh các vật dụng trong nhà.Nguồn: sử dụng pin nút áo CR2032 (kèm theo sẵn), mở là sáng.Dây 1m có 10 bóng led, dây 2m có 20 bóng, dây ...",20000,20000,,0,0,104,,available,,1000,1000,,111461,OEM
52581646,8663471847547,"Dây đèn LED rèm với hình sao lớn nhỏ kèm tính năng chống thấm nước giúp trang trí ngoài trời cho những dịp lễ, Tết, tiệc, giáng Thông số:Chống nước IP44.Có công tắc điều chỉnh chế độ chớp đèn.Ngôi sao...",120000,120000,,0,0,247,,available,,1000,1000,,111461,OEM
206242343,4574220257261," Đóng gói:  1 hộp nến thơm 4.2x6.3cm với mùi tùy chọn (hoa văn hộp là ngẫu nhiên)️ Tính năng Nến thơm làm từ sáp đậu nành, thân thiện môi trường, không nói, không độc hại. Mùi thơm tự nhiên dễ chịu g...",45000,45000,,0,0,15,,available,,1000,1000,,5706641,NAVIVU
189208326,6461901702576,"Thảm nhà tắm, nhà bếp siêu thấm nước, chống trơn trượt tối giản, hiện đại NAVIVUƯu điểm sản phẩm:Thấm hút nhanh trong thời gian tíc tắcThảm có lớp bám sàn, chống trơn trượt rất tốt, an toàn cho ngư...",99000,99000,,0,0,61,,available,,1000,1000,,5706641,NAVIVU
125739804,6232673402599,"TÍNH NĂNG của BỘ CÂY LAU NHÀ THÔNG MINH SAGOKER:Tất cả trong một cây lau nhà tiết kiệm nước và sạch sẽ.Rửa cả hai bên, cộng thêm có khả năng thay thế bông lau, làm sạch mà không cần dùng sức nhiều....",151999,159999,,8000,5,147,,available,,1000,1000,,4024633,SAGOKER
32178097,2080349748762,"Chảo Kim Cương Đáy Từ Nagakawa NAG2653 Lòng chảo: Sâu lòngCán chảo: Nhựa Bakelit chịu nhiệtĐáy từ: CóSản phẩm được thiết kế từ nhôm cao cấp an toànĐáy từ độ bền cao, bắt từ đềuChống dính đa lớp ...",333000,585000,,252000,43,811,,available,,1000,1000,,110935,Nagakawa
53789448,6888275518789,   BẠN MUỐN MUA THÊM SẢN PHẨM KHÁC CỦA PARROTI Bộ lau nhà ProMax - Size LớnThùng rác Parroti BinCọ bồn cầu Parroti Silicon Bộ cây lau nhà thông minh tự vắt Parr...,395000,799000,,404000,51,3766,,available,,1000,1000,,746615,Parroti
55124901,7471618232146,"Thùng rác mini có thể sử dụng ở nhiều nơi khác nhau như trong phòng ngủ, trong toilet, hoặc trong xe hơi, rất tiện dụng và vệ sinh.Chất liệu nhựa ABS và PP với nắp kín giúp giữ mùi bên trong thùng khô...",87700,97400,,9700,10,3,,available,,1000,1000,,111461,OEM
269846183,3435398818440,"Bộ cây lau nhà thông minh tự vắt DAMAS G130 với khả năng lau sạch sàn nhà một cách nhanh chóng và nhẹ nhàng, phù hợp với mọi loại bề mặt sàn như sàn gạch, sàn gỗ, sàn đá, tường ốp gạch và mặt kính, p...",279000,500000,,221000,44,11,,available,,1000,1000,,4234729,Damas
1399571,5944614557985,"Gối Memory Foam 50D Hình Cong Lock&Lock HLW111 là chiếc gối với thiết kế định hình lượn sóng, theo khung của đầu và gáy, giúp điều chỉnh sự gấp khúc của đường thở trong khi ngủ, mang đến cho bạn ...",289000,289000,,0,0,0,,available,,1000,1000,,48077,LocknLock
467912,1273756821437,"Thiết kế nhỏ gọn, thích hợp với mọi không gianMáy khoan động lực Bosch GSB 550 550W sở hữu thiết kế nhỏ gọn với khối lượng chỉ 1.8 kg, giúp người dùng thoải mái khi sử dụng thích hợp bố trí ở những k...",1399000,2177000,,778000,36,1014,,available,,1000,1000,,25229,Bosch
11058658,3505486111914,Túi đựng rác tự phân hủy được sản xuất bởi chất liệu HDPE và Phụ gia tự hủyTúi có khả năng tự phân hủy trong môi trường tự nhiên trong thời gian ít hơn rất nhiều so với các loại túi rác thông thường ...,40000,54000,,14000,26,606,,available,,1000,1000,,288231,Titapha
197867507,1815107473925,"Cây Lau Nhà Tự Vắt Thông Minh Đa Năng VinBuy Chất Liệu Cao Cấp Tặng Kèm 2 Miếng Lau Chổi lau nhà vắt khô nước đến 90-95%, vắt nước nhẹ nhàng khi có con lăn trợ lực kéo lên kéo xuống là vắt khô nước....",172000,299000,,127000,42,19,,available,,1000,1000,,4224691,VinBuy
17423771,1693054414764,Hàng năm có khoảng 600 triệu viên pin bị vứt bỏ. Số lượng pin này xếp dài ra sẽ tương đương quãng đường từ Anh sang Úc!Pin có nhiều loại với nhiều kích thước khác nhau: Có viên pin có kích thước chỉ n...,75000,100000,,25000,25,663,,available,,1000,1000,,18804,Panasonic
217478473,7191727332178,"Ổ Cắm Điện Comet 4 Lỗ 3 Chấu, 3 Lỗ 2 Chấu CES4433 được thiết kế khoa học, an toàn tối đa cho người sử dụng. Thiết bị có kích thước nhỏ cùng chiều dài dây điện 3 mét giúp bạn có thể di chuyển cũng như ...",122000,209000,,87000,42,29,,available,,1000,1000,,19588,Comet
67561868,3899460705818,"vỉ 10 Pin cúc áo pin điện tử đồng hồ LR44 AG13 LR41 AG3 CR2032 loại tốt bềnPin cúc áo được sử dụng phổ biến trong các thiết bị điện tử gia dụng như đồng hồ điện tử, máy tính bỏ túi, làm nguồn cung ...",29000,29000,,0,0,8,,available,,1000,1000,,111461,OEM
118433132,8777495355123,"       THÔNG TIN SẢN PHẨM:   ️ Cân nặng: 1,2 kg   ️ Độ sâu: 11cm   - Các món ăn như đậu chiên, cá phi lê khi vỏ ngoài giòn, ruột mềm   ️ Chảo được tráng lớp mặt đá ceramic nên đun, xào không l...",107900,107900,,0,0,3,,available,,1000,1000,,111461,OEM
262783371,5098601878758,"Túi đựng bình nước  có thể mang nhiều loại bình nước, ly giữ nhiệt khác nhau.Bề mặt túi trong suốt, có thể thấy được đồ vật bên trong.Miệng túi có nút gài, giúp bình nước không bị rơi ra khi treo.Kíc...",19000,20000,,1000,5,10,,available,,1000,1000,,839837,FuNu
176598081,9413822411143,Bình giữ nhiệt LocknLock Metro Two Way 475ml đi kèm với một nắp thuận tiện để uống trong văn phòng và một nắp to-go kín hơi dễ dàng mang đi.Bạn có thể tháo rời nắp giữa để bình trở nên gọn nhẹ hơn....,293000,605000,,312000,52,267,,available,,1000,1000,,48077,LocknLock
36960736,5175629381696,"Kích thước: 3m, 6m, 10mNguồn: Loại 3m và 6m dùng 2 pin tiểu 3A; loại 10m dùng điện và có đầu chờ để nối tiếp nhiều bộ với nhauChất liệu: Nhựa, LEDThông số chống nước, chống bụi: IP55Màu sắc: Vàng,...",44999,44999,,0,0,106,,available,,1000,1000,,111461,OEM
205894449,5838665511041,"MẪU 1: MÓC THÉP DÁN TƯỜNG- Miếng dán chỉ dính chặt trên bề mặt láng phẳng: gạch men, kính, bề mặt tủ lạnh..., không dán trên tường sơn- Lau tường nơi bạn cần dán thật sạch, khô.- Dán và lấy tay chà m...",13800,15000,,1200,8,2,,available,,1000,1000,,839837,FuNu
41227454,2121706017043,"Combo 30 móc treo đồ siêu bền, không gãy loại lớn Prota thích hợp cho bạn treo các loại quần áo, chịu được sức nặng mà không lo bị gãy, vỡ sản phẩm.Móc có thể sử dụng treo đồ lót, quần áo, khăn tắm,...",55000,75000,,20000,27,23,,available,,1000,1000,,40699,Prota
127031393,9115457631995,  Ca nước giữ nhiệt LocknLock Metro Mug LHC4219 với lớp sơn tĩnh điện bền chắc và chất liệu thép không gỉ hợp vệ sinhDễ dàng mở với nắp xoay Swing capDễ chùi rửa với miệng ca rộngGiữ ca cố định...,299000,506000,,207000,41,53,,available,,1000,1000,,48077,LocknLock
57867023,3339191897104,"Cây lau nhà xoay 360 độ SUNHOUSE KS-MO350I có cán làm bằng inox 201 với tay cầm bằng nhựa PP cao cấp, chắc chắn, không bị han gỉ và có thể tháo lắp dễ dàng khi sử dụng. Cây lau có thể điều chỉnh độ dà...",130000,200000,,70000,35,605,,available,,1000,1000,,41048,Sunhouse
580040,1228374919714,"Chảo Đá Chống Dính Siêu Bền Sunhouse SBD24 24cm với chất liệu hợp kim nhôm dày 3mm phủ lớp chống chính an toàn và siêu bền, không dễ bong tróc lớp chống dính trên bề mặt như những loại chảo khác và đặ...",208000,320000,,112000,35,51,,available,,1000,1000,,41048,Sunhouse
892141,9969906367307,"Pin Max 8 + 4 Viên Energizer E92 BP8+4 AAAENERGIZER là thương hiệu của Mỹ, nhà sản xuất pin lâu năm và uy tín trên thế giới trong nhiều năm qua.Thông tin sản phẩm:- Điện áp: 1.5V- Kích cỡ: pin AAA,...",119000,119000,,0,0,259,,available,,1000,1000,,19312,Energizer
58852893,2590771621057,"Bình giữ nhiệt Lock&Lock Metro Double LHC4202 dễ dàng mang đi với dây treo: bình giữ nhiệt nhẹ, quai xách để thuận tiện mang đi.Bộ lọc silicone có thể tháo rời giúp giữ đá không bị chảy ra khi r...",296000,605000,,309000,51,782,,available,,1000,1000,,48077,LocknLock
2119173,3784672643501,"Đặc điểm nổi bậtCây Lau Nhà Dạng Xịt Nước Lock&Lock ETM472 thiết kế cây lau nhà dạn đứng với thiết kế tay cầm có cần gạt để điểu khiển việc phun nước, giúp dễ thao tác, tạo cảm giác thoải mái kh...",259000,539000,,280000,52,1056,,available,,1000,1000,,48077,LocknLock
52626416,9005942072406,"Chiếu điều hòa cao su nonKết cấu sợi vải bền chắc, dẻo dai. Kiểm soát nhiệt độ tốtThiết kế hiện đại họa tiết sang trọng , phù hợp với mọi lứa tuổiSản phẩm dùng được quanh năm, thay thế ga chiếu vô ...",390000,390000,,0,0,0,,available,,1000,1000,,111461,OEM
84886093,6456848067230,Đặc điểm nổi bậtVợt muỗi thông minh 3in1 Sunhouse SHE-PRO11.W tích hợp 3 chức năng: vợt muỗi + dèn diệt muỗi + đèn ngủ.Vợt có kiểu dáng gọn nhẹ với màu trắng sang trọng tạo nên chiếc vợt vừa hiện đ...,201000,344000,,143000,42,150,,available,,1000,1000,,41048,Sunhouse
186862075,8600700427795,Xin lưu ý về sản phẩm:Hiện sản phẩm Nắp ngăn mùi Ecodeals có 5 kích cỡ (đa dạng nhất trên thị trường hiện nay):- Size A: Lỗ sàn 33-39mm (đi kèm bộ vòng đệm slicone rời)- Size B: Lỗ sàn 40-50mm (đi ...,28000,29000,,1000,3,51,,available,,1000,1000,,7367633,Eco deals
198069246,4706257345212,"Bộ cây lau nhà VinBuy kèm thùng tự vắt thông minh, chổi lau nhà xoay 360 độ lau sạch nhanh...",279000,511000,,232000,45,20,,available,,1000,1000,,4224691,VinBuy
77775165,7514367100786,"Hộp Bảo Quản Thủy Tinh Locknlock Top Class có khả năng đóng kín tuyệt đối ngăn chặn không khí bên ngoài và bên trong nhờ ""khóa 4 cạnh"".Nắp được làm từ ""chất liệu tritan"" nên có thể sử dụng lâu dà...",69000,159000,,90000,57,914,,available,,1000,1000,,48077,LocknLock
58804363,7785294673323,"Lực băm nghiền mạnh nhờ hoạt động bằng phương pháp xoay và ba lưỡi dao bằng thép không gỉ.Nếu bạn kéo thanh kéo nhiều lần, ba lưỡi dao sẽ quay nhanh và băm đều rau củ.Lưỡi dao bằng thép không gỉ k...",78000,171000,,93000,54,2811,,available,,1000,1000,,48077,LocknLock
203569872,6789176999609,"Khăn tắm hình thú 70x140cm này đẹp mê hồn luôn ạ mềm, thấm nước, nhanh khô.Khăn có thể dùng quấn cho các bé vì độ mềm mịn của khăn là rất tốt.Ưu điểm nổi trội của ẻm này là khổ rất rộng các bạn có t...",36000,38000,,2000,5,15,,available,,1000,1000,,839837,FuNu
117353723,8574020376721,"Chiếu ngủ văn phòng cao cấp Chất liệu nhựa 2 lớp: lớp mút và lớp bạc êm ái Gọn nhẹ, dễ dàng mang theo khi đi dã ngoại, văn phòng Xếp gọn và vệ sinh dễ dàng Cho giấc ngủ trưa ngon, không nóng bức  ...",40000,40000,,0,0,318,,available,,1000,1000,,293033,Krishna
56400156,9088178996234,"Dây đèn LED hình ngôi sao kích thước 4cm giúp bạn trang trí phòng khách, phòng ngủ thêm sang trọng.Dây đèn LED rất dễ dàng lắp đặt và sử dụng.Có 3 loại nguồn điện để chọn: Pin, USB hoặc cắm điện.Độ bề...",43000,43000,,0,0,180,,available,,1000,1000,,111461,OEM
47115292,1322089791471,"Đóng gói: 1 dây đèn led (không kèm pin, không kèm remote).Thông tin chi tiết:Tình trạng: sản phẩm mới 100%Nguồn đèn: LEDSản phẩm có thể sử dụng trong nhà hoặc ngoài trờiỨng dụng: đa năng, dùng kh...",20000,20000,,0,0,190,,available,,1000,1000,,111461,OEM
21712076,6879745229342,"Một không gian ấm cúng, lung linh cho gia đình vào những ngày lễ, buổi tiệc không còn khó đối với bạn nữa với dây đèn LED siêu sáng GV-UCSLvới khả năng uốn dẻo cực tốt, giúp trang trí và chiếu s...",53000,53000,,0,0,135,,available,,1000,1000,,230971,GIVASOLAR
201040328,4080016476690,- Bình giữ nhiệt LocknLock Riga Tumbler Vietnam Edition LHC4160 897ml có quai xách dễ dàng mang đi mọi nơi- Bộ lọc thép không gỉ và ngăn đá tràn khi uống- Miệng bình rộng dễ dàng vệ sinh- Ống hút ...,344000,715000,,371000,52,278,,available,,1000,1000,,48077,LocknLock
115092053,6156159064709,"Theo các chuyên gia y tế, tối thiểu bạn nên thay ga giường, gối 1 lần/tuần. Bởi trên mặt ga giường, vỏ gối chứa vô số vi khuẩn từ tế bào chết trên da (cơ thể mất hàng triệu tế bào da mỗi ngày), phấn t...",78000,120000,,42000,35,680,,available,,1000,1000,,697923,LIDACO
46202190,3178844847277,"Túi lưới giặt đồ cho máy giặt bảo vệ quần áo chống biến dạng chất lượng tốt dây kéo lưới mịn Polyester nhằm bảo vệ quần áo được làm từ tơ lụa, ren, len, thổ cẩm, lông thú, gấm, cotton, … tránh bị móc ...",58800,58800,,0,0,360,,available,,1000,1000,,111461,OEM
71924330,8126161754070,"Đặc điểm nổi bậtBộ Chổi Quét Nhà Gồm 1 Cây Chổi + 1 Dụng Cụ Hốt Lock&Lock ETM465 là sản phẩm vô cùng tiện ích, thay thế cho cây chổi quét bình thường thân inox nhỏ , nhẹ dễ luồn lách nhẹ nhàng đ...",214000,428000,,214000,50,355,,available,,1000,1000,,48077,LocknLock
696349,3998683130749," Ổ Cắm Điện 4 Lỗ 3 Chấu 3m Philips SPN1248WB/74 (2500W) gồm 4 lỗ cắm 3 chân, có thể sử dụng đồng thời cho nhiều thiết bị điện khác nhau như: quạt, tivi, sạc điện thoại... rất tiện lợi. Công suất 250...",265000,299000,,34000,11,192,,available,,1000,1000,,19018,Philips
73638934,2949572708793,"Lòng chảo chống dính bền bỉ, an toànBề mặt lòng chảo phủ 2 lớp chống dính Xylan màu đen ánh kim siêu bền của Whitford (Hoa Kỳ). Đây là loại chống dính an toàn tuyệt đối cho sức khỏe, không chứa các ...",157000,450000,,293000,65,412,,available,,1000,1000,,31627,Elmich
185949624,2411564846012,Nệm Văn Phòng Kích Thước 80x180x2cm 1. THÔNG TIN SẢN PHẨM- Kích thước : 80x180x2cm xếp gọn gàng trong túi đựng 35x45x15cm- Màu sắc: chọn màu/ shop giao chuẩn mẫu.- Cấu tạo:  vải cotton+ gòn -  s...,199000,199000,,0,0,24,,available,,1000,1000,,111461,OEM
207934401,2096199230646,"Đèn LED Chủ Đề Giáng Sinh Merry Christmas Trang Trí Cây Thông Noel Dài 2m Gồm 20 Đèn với Ông Già Noel, Cây Thông, Người Tuyết, Tuần Lộc, ChuôngĐược thiết kế với chiều dài 2m, được bao bọc lớp nhựa ch...",99000,198000,,99000,50,6,,available,,1000,1000,,111461,OEM
73125530,4485355058795,"Hộp cơm thủy tinh kèm muỗng đũa LocknLock LLG991CL 930ml thiết kế vách ngăn giúp thực phẩm không bị trộn lẫn khi bỏ vào chung một hộp.Borosilicate là thủy tinh chịu nhiệt (lên tới 120 độ C), an toàn...",177000,362000,,185000,51,1300,,available,,1000,1000,,48077,LocknLock
70656791,6725962688458,Loại sản phẩm: Giấy ănChất liệu: Bột treThành phần: 100% bột sợi tre nguyên chất...,125000,125000,,0,0,2286,,available,,1000,1000,,863033,ycool
2119169,4204353763551,"  Bộ Cây Lau Nhà Lock&Lock Squeeze Flat Mop ETM471 thiết kế xô tứ giác thông minh, khe vắt vừa có thể vắt khô nước vừa loại các vết bẩn một cách dễ dàng.Thiết kế thùng chứa nước nhỏ gọn và san...",452000,979000,,527000,54,1190,,available,,1000,1000,,48077,LocknLock
148918960,6707745025379,"Đèn led dây fairy light đom đóm 3 chế độ nháy, có sẵn pin, dài 2m và 1m>> Màu sắc: Vàng ấm>> ĐÈN đã có sẵn 3 viên pin cúc áo LR44, mua về chỉ việc dùng ngay rất tiện lợi. (bỏ tờ giấy ngă...",58000,58000,,0,0,3,,available,,1000,1000,,111461,OEM
107961500,3904766552668,Cấu trúc tường đôi: Ly Nhựa 2 Lớp LocknLock Double Wall Cold Cup Cherry Blossom 750ml HAP509 sử dụng vệ sinh hơn vì nước lạnh không bị ngưng tụ bên ngoài thành cốc.Miệng ly rộng: Dễ dàng vệ...,107000,217000,,110000,51,1018,,available,,1000,1000,,48077,LocknLock
34171666,1913444830869,"0,5kg Túi zip (zipper) chỉ đỏ loại tốt, dàyTúi Zip có nhiều size được ứng dụng trong nhiều lĩnh vực:- Trong lĩnh vực thực phẩm, người dùng thường sử dụng túi Zipper chứa thức ăn nhanh và bảo quản cá...",40000,40000,,0,0,238,,available,,1000,1000,,111461,OEM
66621525,4346411826959,"Ly cách nhiệt Lock&Lock 540ml Clip Tumbler LHC4151 - Hàng chính hãng, miệng ly rộng kèm ống hút chịu nhiệt - JoyMallLy nước giữ nhiệt Lock&Lock LHC4151- Kích thước bình: 94 x 94 x 198 mm-...",279000,506000,,227000,45,156,,available,,1000,1000,,48077,LocknLock
110001215,6334612852198,"Bộ 20 miếng dán tường đi dây điện - kẹp cố định nút giữ luồn dây điệnNẹp Dây Điện,Kẹp Dây Điện dán tường cố định dây điện,giữ dây điện an toàn và tiện lợiPhân Loại :• Mỗi bộ sản phẩm gồm: 20 nút kẹ...",29000,29000,,0,0,121,,available,,1000,1000,,111461,OEM
90531871,4758446326246,"  Đèn bàn không chỉ là một dụng cụ cần thiết cho việc học tập, cũng như làm việc của bạn mà còn là một vật trang trí không thể thiếu cho căn phòng của bạn. Đèn bàn Moontronics là một sản phẩm cao ...",154000,190000,,36000,19,1021,,available,,1000,1000,,4251381,Moontronics
32178088,5802553235664,"Cấu tạo siêu bền, công nghệ tiên tiếnNồi Áp Suất Nagakawa NAG1441 Công năng nấu, hầm nhừ thực phẩmBề mặt xử lý công nghệ tiên tiến giúp sản phẩm cứng và chắc. Nồi được làm bằng chất liệu hợp kim nh...",311000,495000,,184000,37,354,,available,,1000,1000,,110935,Nagakawa
263393347,4327884917738,...,373000,700000,,327000,47,23,,available,,1000,1000,,4234729,Damas
115673330,3040160186893,"️ Nẹp Dây Điện Kẹp Dây Sạc Đi Dây Điện Dán Tường Nhà, Bàn Làm Việc Là Sản Phẩm Giúp Bạn Nhanh Chóng Tối Ưu Lại Không Gian Một Cách Thuận Tiện & Dễ Dàng Nhất**LƯU Ý: Nẹp Dây Điện Có 3 PHÂN LOẠI Đe...",23000,40000,,17000,43,110,,available,,1000,1000,,111461,OEM
104991715,5921659206513,"Giới thiệu sản phẩmCombo Chảo chiên Tefal Natura B2260295 20cm & Chảo chiên sâu lòng Tefal Natura B2266495 24cm Độ bền vượt trội, có thể sử dụng ít dầu khi nấu ănBên ngoài được phủ sơn chống ...",499000,929000,,430000,46,1282,,available,,1000,1000,,19813,Tefal
578967,1222109028719,"Chảo Đá Chống Dính Siêu Bền Sunhouse SBD28 28cm với chất liệu hợp kim nhôm dày 3mm phủ lớp chống chính an toàn và siêu bền, không dễ bong tróc lớp chống dính trên bề mặt như những loại chảo khác và đặ...",256000,430000,,174000,40,1187,,available,,1000,1000,,41048,Sunhouse
55900887,2112313292992,"THIẾT KẾ SANG TRỌNG - ĐẲNG CẤPChất liệu hợp kim nhôm đẳng cấp, chắc chắn và sang trọngCó thể gập ở 2 vị trí, linh hoạt, chiếu sáng tới vị trí làm việcBỀN BỈHệ thống 26 bóng đèn LED tiết kiệm n...",389000,449000,,60000,13,1087,,available,,1000,1000,,835483,eLights
215225085,6949977022134,"Set 2 Miếng Dán Bulong Ốc Vít, Treo Kệ, Treo Tranh Không Khoan Tường Đóng gói:  2 miếng dán vít️ Tính năng Miếng dán ốc vít có khả năng thay thế các loại vít khoan tường thông thường.  Sử dụng để tr...",25000,25000,,0,0,8,,available,,1000,1000,,5706641,NAVIVU
196768917,2127293782925,"THÔNG SỐ KỸ THUẬT:Thương hiệuJoybosModelM16Chất liệuABS, PP, ống thép không gỉ, sợi bôngKích thước thùng nước27.6 x 29.7cmKích thước miếng vải lau22 x 22cmKích thước cây lau nh...",379000,399000,,20000,5,35,,available,,1000,1000,,5230273,Joybos
188769126,4200238996692,"Chuông cửa không dây thông minh CACAZI, chống nước khoảng cách sử dụng trong 300M, 60 loại nhạc chuông, 110 DB  Mỗi nút bấm có thể cài đặt một loại nhạc chuông khác nhau giúp chủ nhà có thể dễ d...",185000,185000,,0,0,47,,available,,1000,1000,,685485,CACAZI
202805930,7443113842272,"Bộ Hộp Cơm Giữ Nhiệt Hút Chân Không Lock&Lock NVY-4 - LHC8052S01 - Nắp phủ nhựa TPE chống trượt, dễ dàng mở nắp.Hộp giữ nhiệt hút chân không với miệng rộng giúp cho thức ăn vào một cách đơn g...",745000,1490000,,745000,50,97,,available,,1000,1000,,48077,LocknLock
252862664,8110849969787,"Ly giữ nhiệt 5 lớp chất liệu Inox SUS 304 không gỉ sét, độ bền cao bảo hành đến 90 ngày Sản phẩm Cốc giữ nhiệt Inox dung tích từ 300ml, 600ml đến 1200ml, sản phẩm bán chạy HOT Trend trên thị trư...",113000,180000,,67000,37,75,,available,,1000,1000,,111461,OEM
26149459,3482685950226,"Bộ Muỗng Đũa Cơm Trưa INOX 304 Thiết Kế Sang Trọng Mạ PVD Cao CấpThiết kế vừa vặn tay cầm của người Việt NamĐũa có các chi tiết chống trơn trợt khi gắp thức ănHộp có sẵn có cố định muỗng đũa, chốn...",120000,120000,,0,0,206,,available,,1000,1000,,111461,OEM
1657931,2083613875744,"Đặc điểm nổi bậtVợt muỗi Sunhouse SHE-E200 có kiểu dáng gọn nhẹ kết hợp hài hòa giữa màu vàng và màu trắng tạo nên chiếc vợt vừa hiện đại, vừa đẹp mắt.Vợt có trọng lượng nhẹ nên rất dễ sử dụng và b...",72000,119000,,47000,39,1325,,available,,1000,1000,,41048,Sunhouse
180967996,8385189823848,"Hộp Cơm Cắm Điện Giữ Nhiệt 2 Tầng Cao Cấp, Hâm Nóng, Nấu Chính Thức Ăn BỘ SẢN PHẨM GỒM CÓ: - 1 hộp cơm - 4 cốc inox có nắp đậy- 1 dây cắm điện + 1 cốc đong.- Hộp cơm tiện lợi cho người mang đi làm h...",151791,151791,,0,0,0,,available,,1000,1000,,111461,OEM
28445641,9698715255641,"Hộp cơm điện Lock&Lock EJR216 lý tưởng để nấu cơm, hấp trứng, rau, thịt và giữ ấm thức ăn.Hộp cơm có ba tầng. Bạn có thể bảo quản cơm, thịt, súp riêng biệt để đáp ứng nhu cầu bữa ăn của bạn.Nếu...",673000,1493000,,820000,55,1715,,available,,1000,1000,,48077,LocknLock
104270135,4999472244737,Bình Giữ Nhiệt Lock&Lock Featherlight One-touch Tumbler LHC3257 có thiết kế mỏng nhẹ tạo cảm giác dễ dàng trong di chuyển và mang theo khắp nơi.Thân bình được thiết kế nhỏ gọn giúp t...,253000,517000,,264000,51,809,,available,,1000,1000,,48077,LocknLock
50294624,6115225336262,"Dây đèn LED dạng lưới bóng nhỏ kèm tính năng chống thấm nước giúp trang trí ngoài trời cho những dịp lễ, Tết, tiệc, giáng Có 2 kích thước để chọn: ngang 1.5m x dọc 1.5m (96 bóng đèn) hoặc ngang 3m x d...",119000,119000,,0,0,125,,available,,1000,1000,,111461,OEM
271414468,3623456179347,CÓ 2 QUY CÁCH LỰA CHỌNBao 20dm3 (khoảng 10-12kg tùy bao ướt hay khô)Bao 6.5dm3 (khoảng 2.5-3.5kg tùy bao ướt hay khô)Đất sạch cao cấp giàu dinh dưỡng (bao lớn 20dm3) - LavamixThành phần:Chất hữu ...,59000,59000,,0,0,0,,available,,1000,1000,,204893,Lavamix
120759154,6781039495608,  ...,25000,25000,,0,0,163,,available,,1000,1000,,111461,OEM
56941523,4192161694351,"Ly nhựa 2 lớp LocknLock kèm ống hút HAP507 750ml hai lớp cách nhiệt tốt, ngăn chặn sự ảnh hưởng từ nhiệt độ bên ngoài. Bề mặt ly ít bị đọng nước dù bạn dùng ly để đựng nước đá.Miệng ly rộng giúp bạn ...",104000,217000,,113000,52,1865,,available,,1000,1000,,48077,LocknLock
558353,1305941482588,Ổ Cắm Điện Có Nắp Che 6 Lỗ 3 Chân Mpower MP-265S - 5 Mét giúp bạn thuận tiện hơn khi sử dụng cho nhiều thiết bị điện tử cùng một lúc mà không gây ra tình trạng cháy nổ bởi ổ cắm đã được cài đặt hệ thố...,240000,305000,,65000,21,191,,available,,1000,1000,,79650,Mpower
88222310,9286377966406,"Khăn trải bàn nhựa PVC không thấm nước là vật dụng không thể thiếu trong gian bếp của bạn.Hoa văn độc đáo, hiện đại giúp cho gian bếp của bạn trở nên sang trọng hơn.Hoàn toàn không mùi vị và không t...",35000,35000,,0,0,253,,available,,1000,1000,,4401579,SHOFUKA
116726951,5065788315592,"GỐI CÔNG THÁI HỌC LÀ GÌCông thái học hay tiếng anh Ergonomic là thuật ngữ được ghép lại từ  2 từ của tiếng Hy Lạp, trong đó “ergon” có nghĩa là công việc, và “nomoi” có nghĩa là quy luật tự nhiên. Nh...",422280,918000,,495720,54,440,,available,,1000,1000,,3955813,Ema
249868377,2849589537743,"       Thông tin chi tiết   Máy trang bị 7 tốc độ đánh với công suất 180W   - Mức 1 & 2: Dùng cho thực phẩm dạng lỏng như cafe, sữa tươi   - Mức 3 & 4: Dùng để trộn hỗn hợp lõng như sal...",195000,195000,,0,0,0,,available,,1000,1000,,111461,OEM
106338289,5931709744921,"Dép Lỗ Đi Trong Nhà Tắm Chống Trơn Trượt Nhanh Khô, Thoáng Mát, Mẫu Mới Nhất Dép Cho Cả Gia ĐìnhThiết kế khô thoáng, tạo sự thoải mái khi sử dụng, không bị gò bóChất liệu: 85% thành phần là nhựa PVC ...",95000,155000,,60000,39,182,,available,,1000,1000,,4554495,CHIKIGON
173804200,3839973742959,"Bộ 3 mũi khoan bước tháp khoét lỗ tròn phủ titan 3-12mm 4-12mm 4-20mm khoan sắt, tôn, nhôm loại tốt siêu cứng, siêu sắc được làm từ thép gió HSS rất cứng tang độ trơn giảm tản nhiệt bền bỉ hơn gấp 6 ...",129000,129000,,0,0,12,,available,,1000,1000,,111461,OEM
273381046,4265368117759,"Dây Đèn LED Hoa Tuyết Trang Trí 3m 16 Bông Tuyết được thiết kế với chiều dài 3m, được bao bọc lớp nhựa chất lượng cao, có độ bền tốt cùng khả năng chống thấm nước cùng chống lão hóa cao.Lỗi bên t...",89000,178000,,89000,50,0,,available,,1000,1000,,219625,AN BÌNH
186256010,2595430081331,"** Ưu điểm:– Sản phẩm có đường may khéo léo, chắc chắn.– Màu sắc nổi bật, an toàn cho sức khỏe gia đình bạn.– Dùng để thay đổi cho không gian phòng ngủ thêm phong phú hoặc để dùng kèm với bộ cũ của...",37000,39000,,2000,5,55,,available,,1000,1000,,697923,LIDACO
120552065,9367707323552,"Chất liệu inox 304 an toàn tuyệt đối cho sức khỏeBình giữ nhiệt inox 304 Elmich EL-8013OL được làm bằng chất liệu inox 304 có khả năng chống ăn mòn tuyệt vời, bình giữ nhiệt Elmich EL-8013OL an toàn ...",159000,389000,,230000,59,218,,available,,1000,1000,,31627,Elmich
189568106,5143029962099,Bình giữ nhiệt inox 304 Elmich EL-8012OL với khả năng cách nhiệt cao bằng công nghệ hút chân khôngLớp ngoài sơn mịnCách nhiệt chân không caoNắp bình cùng vent thông hơiHướng dẫn sử dụng1. P...,178000,359000,,181000,50,42,,available,,1000,1000,,31627,Elmich
191918107,1171170118704,Dung tích bình lớn Bình lắc LocknLock Balance Shake It Bottle HAP949 với dung tích bình 800ml giúp cung cấp đầy đủ lượng nước cho cơ thể. Thang đo lường Vạch chia dung tích trên thân bình cho phép ...,131000,267000,,136000,51,83,,available,,1000,1000,,48077,LocknLock
118680989,7534064298577,A. MÔ TẢ SẢN PHẨM- TÊN SẢN PHẨM: SET NẾN THƠM HỘP QUÀ TRANG TRÍ ĐÍNH NƠ- THÀNH PHẦN: Sáp thiên nhiên - KHỐI LƯỢNG: 150g – đốt được 30-40h – không gian 15m2- QUY CÁCH: sản phẩm kèm 1 hộp giấy cứng thắt...,158000,158000,,0,0,41,,available,,1000,1000,,4777435,Citta
273172656,8358142956142,Vòng Hoa Nguyệt Quế Trang Trí Giáng Sinh Đóng gói:  1 vòng hoa trang trí kích thước 30x30cm️ Tính năng Vòng hoa trang trí giáng sinh với nhiều biểu tượng trang trí khác nhau. Mang đến không khí gián...,155000,155000,,0,0,1,,available,,1000,1000,,5706641,NAVIVU
200843684,7858843090491,"Bàn Là Hơi Nước Cầm Tay , Bàn Ủi Hơi Nước Cầm Tay Cho Gia Đình ĐẶC ĐIỂM NỔI BẬT CỦA SẢN PHẨM: THÔNG SỐ KỸ THUẬT: -Tên sản phẩm : Bàn Là Hơi Nước Cầm Tay 33W New 2021 -Chất liệu: Nhựa ABS Chịu Nhiệt, C...",186000,186000,,0,0,0,,available,,1000,1000,,111461,OEM
1918931,3372753990257,"Keo Dán Đa Năng Selleys Epoxy Fix là loại keo được làm từ nhựa Epoxy cao cấp, cho khả năng kết dính mạnh mẽ, thích hợp cho việc kết hợp các loại vật liệu được sử dụng phổ biến hàng ngày.Sản phẩm có ...",37050,39000,,1950,5,87,,available,,1000,1000,,52977,Selleys
76004568,1753317213425,"Đèn học để bàn, đèn làm việc chống cận, tích điện 3 chế độ sáng, có hộp đựng bút và giá để điện thoại, xoay 360 độ - 18650,3.7V**LƯU Ý MUA HÀNG TRÁNH HÀNG KÉM CHẤT LƯỢNG: Đèn có PIN TÍCH ĐIỆN 18650-3...",159000,175000,,16000,9,18,,available,,1000,1000,,837721,Essesa
199113613,8259898988265,"Hướng dẫn sử dụng:Đổ bột thông tắc cống vào đường ống bị tắc nghẽn, sau đó lấy khoảng 0,5 lít nước lạnh đổ vào nhằm mục đích đưa bột đến vị trí chỗ nghẹt, chờ 3-4h (hoặc qua đêm) để bột phân hủy triệ...",25000,25000,,0,0,3,,available,,1000,1000,,4269901,MO hi
196552579,9304228044816,"Ô Dù gấp gọn tự động chống tia UV cao cấp (Màu trơn)- Sản phẩm bao gồm DÙ và TÚI BỌC DÙ- Nhiều màu sắc thời trang, sang trọng- Có 2 loại khóa đóng mở bằng tay hoặc tự động+ Loại Mở tay đóng mở như các...",79000,129000,,50000,39,0,,available,,1000,1000,,111461,OEM
122692850,5498033650829,"Chổi cọ sàn vệ sinh Parroti Easy ES02 được thiết kế tinh tế, cây chổi làm bằng nhôm cao cấp, có thể điều chỉnh độ dài linh hoạt phù hợp không gian phòng tắm. Cộng với tính năng vừa chà vừa gạt nước t...",129000,199000,,70000,35,826,,available,,1000,1000,,746615,Parroti
120166109,6637875276225,"Sáng hơn, tiết kiệm hơn! Bóng Essential LED Bulb mang đến nguồn ánh sáng chất lượng, an toàn cho sức khỏe, bền bỉ theo thời gian và tiết kiệm năng lượng, bảo vệ môi trường.Với hơn 125 năm trong ngành ...",46300,66000,,19700,30,127,,available,,1000,1000,,19018,Philips
73502149,8271801005996,"Trong gia đình bạn có rất nhiều đồ dùng lớn bé cần được sắp xếp gọn gàng lại, tuy nhiên không phải gia đình nào cũng có đủ không gian để lắp các kệ, tủ chứa đồ. Do đó, việc sử dụng Móc Dán Tường giúp ...",13950,21000,,7050,34,183,,available,,1000,1000,,204895,VANDO
36300228,8188449977946,"Móc treo Inox chữ S - Móc treo Inox chữ SMóc treo chữ S đa năng, sử dụng cho nhà bếp, phòng ngủ, siêu thịChất liệu : inox 304Màu sắc : màu bạcKích thước: lớn, vừa, nhỏ, ba kích cỡ để lựa chọn Móc kim ...",25000,25000,,0,0,90,,available,,1000,1000,,111461,OEM
558335,1305935629418,Ổ Cắm Điện Có Nắp Che 5 Lỗ 2 Chân Mpower MP-153 - 3 Mét giúp bạn thuận tiện hơn khi sử dụng cho nhiều thiết bị điện tử cùng một lúc mà không gây ra tình trạng cháy nổ bởi ổ cắm đã được cài đặt hệ thốn...,99000,125000,,26000,21,125,,available,,1000,1000,,79650,Mpower
120481094,5748281392170,"CÔNG DỤNG CỦA GỐI KÊ CỔ CAO SU NON EMANâng đỡ cổ, giảm áp lực lên vùng cổ vai gáy từ đó giảm đau mỏi mỗi khi phải ngồi lâuTạo cảm giác thu giãn thoải mái ôm trọn cổ như đang được massageĐIỂM NỔI ...",100280,218000,,117720,54,106,,available,,1000,1000,,3955813,Ema
186627908,4742192840663,"Ghế Gác Chân Công Thái Học, Ghế Kê Chân Văn Phòng Ergonomic Footrest Đầy Đủ Phiên Bản Ghế gác chân công thái học được nghiên cứu và thiết kế khoa học giúp nâng đỡ chân thoải mái khi làm việc, học hàn...",419000,450000,,31000,7,277,,available,,1000,1000,,7806557,Office Chill
242627929,5302443255968,"Miếng Dán Nam Châm Tròn Treo Remote Dán Tường Đóng gói:  1 miếng dán nam châm tròn (gồm 2 phần, 1 miếng dán tường và 1 miếng dán lên remote)️ Tính năng Miếng dán nam châm giúp bạn dễ dàng treo remot...",29000,29000,,0,0,2,,available,,1000,1000,,5706641,NAVIVU
271539474,6251816046979,"- Chất liệu: Thân: Thép không gỉ 304 / Nắp: Nhựa PP, TPE / Gioăng, đệm: silicone - Dễ dàng mở nắp chống trượt: Nắp được phủ nhựa TPE chống trượt giúp dễ dàng mở nắp cho dù kích thước rộng. - Miệng h...",702000,1490000,,788000,53,10,,available,,1000,1000,,48077,LocknLock
11488920,6235877269401,"Bình Giữ Nhiệt Lock&Lock RigaTumbler LHC4160GRN có tiết kế nhẹ, đẹp, cá tính, giữ nhiệt tốt, bền, thích hợp sử dụng như bình nước dành cho hoạt động ngoài trời! có thể mang theo bất cứ nơi đâu nh...",350000,715000,,365000,51,6054,,available,,1000,1000,,48077,LocknLock
247298318,5793787664906,"Áo Mưa Một Người Trong Suốt Có Nón Thời Trang, Nhựa EVA Sử Dụng Nhiều Lần Đóng gói:  1 áo mưa nhựa EVA️ Tính năng Áo mưa nhựa EVA mỏng nhẹ, thời trang, có thể sử dụng nhiều lần. Nhựa EVA mỏng nhưng ...",45000,45000,,0,0,30,,available,,1000,1000,,5706641,NAVIVU
781987,3938351368883,"Sự lựa chọn lý tưởngGối Memory Foam 50D Lock & Lock HLW114 có xuất xứ từ Hàn Quốc, là sự lựa chọn lý tưởng để nâng niu và chăm sóc giấc ngủ của bạn, được người tiêu dùng đánh giá cao về chất lượn...",396000,791000,,395000,50,847,,available,,1000,1000,,48077,LocknLock
217474792,7161807856026,"Ổ Cắm Điện Comet CES11112 được thiết kế tinh gọn với 1 ổ 2 chấu và 1 ổ đa năng , phù hợp cho việc đi du lịch, công tác hoặc tại nhà. Công suất tối đa lên đến 1800W.Ổ cắm được làm bằng nhựa ABS chịu ...",54000,89000,,35000,39,19,,available,,1000,1000,,19588,Comet
192120961,6164388733925,"Túi Zip Lụa Nhựa CPE Trong Mờ Có Khóa Kéo Đa NăngTúi zip lụa được làm từ nhựa CPE dẻo dai, bền chắc có thể tái sử dụng nhiều lần trong lâu dài. Túi có khóa kéo nhựa kín giúp bảo quản được nhiều vật d...",41000,41000,,0,0,40,,available,,1000,1000,,5706641,NAVIVU
184465935,8403380018872,"ĐẶC ĐIỂM NỔI BẬTChất liệu hợp kim xử lý bởi công nghệ anod cho bề mặt cứng chắc, không bị oxi hóaVan an toàn, khóa đóng mở nắp tiện dụngGioăng cao su chịu nhiệt tốt, độ bền caoSử dụng trên mọi loại b...",430000,430000,,0,0,2,,available,,1000,1000,,5074117,GDV
180378151,6517783474104,Bình giữ nhiệt LocknLock Metro Drive LHC4277S có miếng lót tay chống trượt giúp cầm nắm chắc chắn trong lúc điều khiển xe.Thiết kế phần đáy thon gọn hoàn toàn khít với chỗ giữ cốc trên xe ô tô. Giữ ...,278000,579000,,301000,52,243,,available,,1000,1000,,48077,LocknLock
199728521,5883576265421,"Chất liệu nhựa PP siêu bền, an toànBộ lau nhà đa năng Space Saving Bộ lau nhà đa năng Space Saving Sunhouse KS-CL3211PW KS-CL3211PW được thiết kế tiện dụng với thùng vắt làm bằng nhựa nguyên sinh P...",299000,450000,,151000,34,73,,available,,1000,1000,,41048,Sunhouse
172940012,9759691303978,"Bộ Dao Nhà Bếp Nhật 6 Món Cao Cấp - Chính hãng DODODIOS   Bộ dao inox 6 món Nhật Bản được làm bằng inox bền đẹp, cứng chắc, dễ dàng chùi rửa khi bị bám bẩn. Chất liệu chống gỉ sét, chống ăn mòn...",184000,184000,,0,0,72,,available,,1000,1000,,5272071,dododios
54145105,1259816294526,TẠI SAO BẠN NÊN MUA CỌ SILICON THAY VÌ LOẠI SỢI CƯỚC? Đầu cọ làm bằng Silicon mềm giúp tiếp xúc với bề mặt men rộng và sát hơn nên việc chùi nhanh và sạch hơn. Silicon cao cấp khác với các loại đầu...,85000,190000,,105000,55,1251,,available,,1000,1000,,746615,Parroti
181223608,5312192347217,Bộ vòi xịt vệ sinh toilet kèm dây lò xo 2m Hobby Home Decor VSR2 chuẩn Inox 304 - phun cực mạnhThông tin kỹ thuậtChất liệu Inox 304 xướcDây sen 150cmRen nối cấp nước phi 21mmPhun cực mạnhKích t...,126000,229000,,103000,45,52,,available,,1000,1000,,230607,Hobby Home Decor
146384829,7245909625382,"CHÚ Ý: Quà tặng kèm theo sẽ có thời gian tặng nhất định , và sẽ được hiển thị ở mục chương trình quà tặng với giá 0đ. ( Các bạn lưu ý để tránh bỏ qua cơ hội được mua được các sản phẩm với mức giá 0đ n...",1260000,2490000,,1230000,49,367,,available,,1000,1000,,111461,OEM
108243510,1685435161275,"Kiểu dáng bắt mắtChảo Inox 5 Đáy Sunhouse IN20M2 được thiết kế đẹp mắt với mặt ngoài inox cao cấp, bắt mắt, có khả năng hạn chế trầy xước và bám bẩn. Lòng chảo tráng chống dính màu đen đem lại tổng ...",293000,450000,,157000,35,134,,available,,1000,1000,,41048,Sunhouse
165013585,8664452519041,"- Lõi dây đồng chịu tải 2500W, có thể dùng cho lò nướng, lẩu điệ- Nhựa chống cháy, chịu nhiệt 750 độ C (dưới 750 độ C, ổ điện không bắt lửa, chỉ bị mềm dần)- Mỗi ổ cắm đều có công tắc riêng, lỗ cắm có...",199000,199000,,0,0,117,,available,,1000,1000,,111461,OEM
217767423,9884069577852,"– Bộ dao inox 6 món Nhật Bản được làm bằng inox bền đẹp, cứng chắc, dễ dàng chùi rửa khi bị bám bẩn. Chất liệu chống gỉ sét, chống ăn mòn, không chứa thành phần độc hại và không tương tác hóa học v...",199500,210000,,10500,5,26,,available,,1000,1000,,111461,OEM
144450194,9083425206456,"Đặc trưng:* Tất cả trong một: Thích hợp cho đồng hồ máy quartz, các thiết bị gia dụng thông thường như máy ảnh, radio, máy tính, điện thoại di động,  đáp ứng mọi nhu cầu sửa chữa hàng ngày.* Các mẫu...",59000,59000,,0,0,27,,available,,1000,1000,,111461,OEM
66115031,2176576902067,THÔNG SỐ KỸ THUẬT:Tên sản phẩm: Nồi áp suất đun ga FujikaLoại sản phẩm: Nồi áp suất không dùng điện/nồi áp suất ga/nồi áp suất bếp từ/nồi áp suất bếp hồng ngoại/nồi áp suất đun ga/nồi áp suất đáy từ...,409000,409000,,0,0,9,,available,,1000,1000,,295203,FUJIKA
13561925,1853591813288,"Nồi Hấp 2 Tầng Bằng Inox Lock&Lock LLH1282 (28cm) được làm từ inox 304 hay còn gọi là thép không gỉ 18/10, là loại inox có đặc tính chống ăn mòn cao, không tác dụng với thức ăn, không thôi nh...",660000,1319000,,659000,50,286,,available,,1000,1000,,48077,LocknLock
183907622,5312017804399,"LĂN BỤI QUẦN ÁO, GHẾ SOFE- Dùng để lau bụi dính ở quần áo, đặc biệt các chất dính len, dạ bị dính do giặt chung các loại quần áo với nhau.- Đặc biệt nhà ai nuôi chó mèo tì cực kỳ hữu hiệu.- Cây lăn...",37000,55000,,18000,33,117,,available,,1000,1000,,4820811,PEAFLO
190989483,4528383314083,"Công nghệ hút chân không với thiết kế 3 lớp và sơn phủ 3 chiều thân thiện với môi trườngCấu tạo 5 lớp: Lớp sơn phủ 3 chiều, lớp inox 304, lớp chân không, lớp sơn cách nhiệt, lớp inox 316Tay cầm sili...",224000,319000,,95000,30,24,,available,,1000,1000,,31627,Elmich
217477211,2931814036731, * ĐẶC ĐIỂM NỔI BẬT:- Ổ cắm điện đa năng COMET CES10302 sử dụng thích hợp với tất cả các loại phích cắm điện trên thị trường- Phù hợp cho tất cả các loại thiết bị điện gia dụng với dòng điện tổng dướ...,83000,139000,,56000,40,8,,available,,1000,1000,,19588,Comet
156165766,5192592687203,"Ổ Cắm Du Lịch Đa Năng Thông Minh Phích Cắm Chuyển Đổi Bugu HHT931 1, Thông số kỹ thuật: Thương hiệu: buguModel: HHT931Loại: Công cụ chuyển đổi ổ cắm đa quốc giaSố chấu: 3D...",125800,148000,,22200,15,59,,available,,1000,1000,,568631,Bugu
273170621,8808170608107,...,153000,280000,,127000,45,10,,available,,1000,1000,,658795,feidash
119309533,7400834045218,"ĐIỂM NỔI BẬT CỦA GỐI NGỦ NHANH GEL LẠNH EMAThiết kế chuẩn công thái học: Tốt cho đốt sống cổ, tuần hoàn máu não và hỗ trợ ngủ nhanhChất liệu cao cấp: Sự kết hợp tuyệt vời giữa cao su non và gel lạnh...",299000,650000,,351000,54,582,,available,,1000,1000,,3955813,Ema
121367420,1453304054770,CÔNG DỤNG CỦA GỐI LÓT MÔNG CHỐNG TRĨ EMAVới thiết kế chuyên dụng cho tư thế ngồi:Vùng hậu môn: Khoét ở giữa tạo hình chữ O (nước ngoài hay gọi là gối Donnut) giảm đau vùng hậu mônVùng xương cụt: Kh...,253000,550000,,297000,54,177,,available,,1000,1000,,3955813,Ema
68413077,1368952937683,"Đèn đọc sách mini, pin sạc tiện dụng Baseus Comfort Reading Mini Clip LampChất liệu: ABS + PCCông suất: 3WDung lượng pin: 350mAhKích thước: Khoảng 290mm * 43,8mm * 30 mmThời gian sạc: 2 giờNguồn đầu v...",215000,249000,,34000,14,167,,available,,1000,1000,,21651,Baseus
192523772,5782797198712,"Tính năng: lót dưới tủ lạnh, tủ bếp, tủ quần áo hoặc giá sách, hộc bàn để bảo vệ vật dụng. Dễ dàng vệ sinh khi không còn sử dụng.Chất liệu: nhựa EVA chống mài mòn, bền và dẻo dai, không mùi không độc ...",49000,49000,,0,0,52,,available,,1000,1000,,5706641,NAVIVU
134242996,5405199221002,"Ly nhựa 2 Lớp Lock&Lock 750ml HAP507 - Hàng chính hãng kèm ống hút cọ rửa, cách nhiệt tốt, miệng rộng - JoyMallTHÔNG TIN SẢN PHẨM:- Thân, nắp: nhựa AS- Gioăng: silicone- Ống hút: nhựa PP- Kí...",119000,217000,,98000,45,10,,available,,1000,1000,,48077,LocknLock
271907736,9218665377152,"Bộ Dao Nhà Bếp Nhật 6 Món Cao Cấp - Chính hãng Bộ dao inox 6 món Nhật Bản được làm bằng inox bền đẹp, cứng chắc, dễ dàng chùi rửa khi bị bám bẩn. Chất liệu chống gỉ sét, chống ăn mòn, không chứa th...",194000,250000,,56000,22,3,,available,,1000,1000,,245945,miDoctor
52582326,2392936503242,"Dây đèn LED dạng rèm để treo ngoài trời kèm tính năng chống thấm nước giúp trang trí ngoài trời cho những dịp lễ, Tết, tiệc, giáng Thông số:Bóng LED nhỏ 5mm.Cấu tạo đèn gồm một dây đèn dài ngang và nh...",60000,60000,,0,0,86,,available,,1000,1000,,111461,OEM
575974,1302820024211,"  Đèn Diệt Muỗi Comet CM069   phát ra tia UV để thu hút côn trùng, ruồi, muỗi và các loại côn trùng bay trong phạm vi 360 độ xung quanh đèn. Khi côn trùng bay vào thân đèn, tiếp xúc vào lưới điện sẽ b...",190000,319000,,129000,40,184,,available,,1000,1000,,19588,Comet
177705463,4965333167702,Thông tin chi tiết sản phẩm: Hộp Đựng Kim Chỉ Xách Tay Mini Đa Năng - Hàng Chính HãngXuất xứ: Trung QuốcThương hiệu: LILAHOMEKích thước: 15cm x 8cm x 10cmMàu sắc: Ngẫu nhiênĐặc điểm nổi...,42000,42000,,0,0,15,,available,,1000,1000,,5406107,lilahome
195109412,1520237897843,"Chất liệu inox 304 cao cấpBộ nồi sử dụng chất liệu lớp trong cùng là inox 304 cao cấp an toàn cho thực phẩm. Inox 304 được khẳng định là hợp kim inox tuyệt vời, có khả năng chống oxi hóa cao. Hợp kim...",1529000,3550000,,2021000,57,14,,available,,1000,1000,,31627,Elmich
177610565,4234116396241,"MÔ TẢ SẢN PHẨM- Đèn pin siêu sáng Ultrafire XML T6 là sự kết hợp tuyệt vời giữa công suất chiếu sáng cao, trở thành một công cụ đáng tin cậy không thể thiếu trong các tình huống khẩn cấp, tìm kiếm, ...",129000,258000,,129000,50,279,,available,,1000,1000,,5003355,US ARMY
138460516,3544662500668,"Để có thể đáp ứng các nhu cầu cơ bản trong cuộc sống hàng ngày như pha cà phê, nấu nước, nấu mì,.. ấm nước là một vật dụng không thể thiếu trong các gia đình ngày nay. Ấm đun nước inox HappyCook với d...",188000,307000,,119000,39,73,,available,,1000,1000,,21125,Happy Cook
205941664,4733029500885,"Sử dụng cho nhà tắm hay nhà bếp đều được gọn gàng và sạch sẽ hơn rất nhiều khi các loại chậu được treo trên tường.Chất liệu: Thép không gỉ và nhựaVị trí lắp đặt: Bề mặt kính, gạch men bóng, bề mặt nhẵ...",23000,25000,,2000,8,9,,available,,1000,1000,,839837,FuNu
247061239,4214091409182,"Hạt Giống Rau Củ Quả Thông Dụng Dễ Trồng Nảy Mầm Cao- Shop Khu Vườn Xanh là đơn vị cung cấp hạt giống rau củ quả uy tín, chất lượng cao: Năng suất cao,kháng bênh tốt, chất lượng sản phẩm tốt, được thị...",7000,7000,,0,0,41,,available,,1000,1000,,111461,OEM
48510374,6340435855627,"TÚI LỌC RÁC BỒN RỬA BÁT GOLDSEEE HÀNG VIỆT NAM CHÍNH HÃNGTắc nghẽn chậu rửa bát chính là việc chậu rửa thoát nước chậm, hay nước bị ứ đọng lại không trôi đươc đó.Mà nguyên nhân chủ yếu, thì vẫn là...",129000,200000,,71000,36,348,,available,,1000,1000,,218129,Goldseee
36560504,3444149595305,"Đặc điểm nổi bậtKích thước 19 x 6,5 cmNắp, thân bình: nhựa Tritan / Quai xách: TPE / Gioăng: siliconeBình nước làm từ Tritan, không chứa chất độc hại và an toàn cho sức khỏe của bạn.Dễ dàng mở nắ...",142000,290000,,148000,51,507,,available,,1000,1000,,48077,LocknLock
71924152,9919090391367,"Mùng Chụp, Màn Chụp Tự Bung Không Đáy Chống Muỗi Cao Cấp Thương Hiệu FUNU - Hàng Chính Hãng (Sản Xuất 100% Tại Việt Nam)THIẾT KẾ THÔNG MINH:Mùng dễ dàng tự bung ra bằng thao tác nhẹ nhàng, gấp gọn t...",138000,150000,,12000,8,215,,available,,1000,1000,,839837,FuNu
71206737,2301703637561,THÔNG TIN SẢN PHẨM- Đèn laser 303 công suất 5.000mw có thể phát tia sáng xanh/đỏ (bước sóng 532nm) xa hàng km.- Thân máy: màu đen- Màu đèn: Màu xanh lá cây/đỏ- Chất liệu thân: aerometal- Nút...,125000,145000,,20000,14,240,,available,,1000,1000,,837721,Essesa
127747995,3156330539235,"CHĂN CỪU TAFURONG - Chăn Len Cừu Mông Cổ thế hệ mới ra mắt 2021️~Thiết kế 2 mặt chăn cừu cực kỳ bắt mắt, mặt trước dệt đan len, mặt sau lớp lông cừu siêu ấm siêu mềm nổi tiếng đến từ những chú cừu Mô...",299000,450000,,151000,34,199,,available,,1000,1000,,697923,LIDACO
272318899,5985712364484,"Bộ chuyển đổi ổ cắm 3 chấu thành 2 chấu. An toàn sử dụng. Tuổi thọ cao. Dễ dàng duy trì. Đơn giản; tiện lợi. Chất liệu nhựa cao cấp, an toàn cho người sử dụng. Công suất hỗ trợ lên tới 10A.Tiện dụng đ...",23750,25000,,1250,5,6,,available,,1000,1000,,839837,FuNu
6710595,2996798484642,"Bộ 10 móc treo dán tường chịu lực 10kgDễ dàng tháo bỏ.Màu sắc trong suốt nhã nhặn.Mó c treo inox không gỉ.Tải trọng tối đa 5kgChất liệu: nhựaCuộc sống ngày càng bận rộn, thời gian dọn dẹp nhà ...",29000,39000,,10000,26,9,,available,,1000,1000,,111461,OEM
99994000,9415199298102,"Bình giữ nhiệt có ống hút Lock&Lock Bucket Tumbler with Straw LHC4268 thiết kế tay cầm chắc chắn giúp bạn thuận tiện mang theo mọi lúc mọi nơi.Nắp và lưới lọc có thể tháo rời, dễ dàng vệ sinh....",215000,473000,,258000,55,1395,,available,,1000,1000,,48077,LocknLock
210458939,7815875367097,"Đĩa Giấy Bạc Lót Nồi Chiên Không Dầu, Khay Bạc Nướng Thực Phẩm Đóng gói:  1 set đĩa giấy bạc️ Tính năng Giúp đồ ăn không tiếp xúc với đáy nồi chiên, đồ ăn khó bị cháy hơn và giữ được nước và hương v...",25000,25000,,0,0,43,,available,,1000,1000,,5706641,NAVIVU
197972938,3291657018216," Với tường nhà hư hỏng nặng có nhiều lỗ thủng lớn Quý Khách nên sử dụng keo đất sét để lấp lỗ trước khi trải keo trám tường để đảm bảo hiệu quả, thẩm mỹ & tiết kiệm keo**Lưu ý: Sản phẩm sẽ KHÔNG ...",29000,50000,,21000,42,58,,available,,1000,1000,,561415,	OEM
34818286,5518269660484,"*LƯU Ý: kích thước có thể sai lệch 1-3 cm do quá trình mayTúi quai xách tiện lợiKhóa kéo 3/4 miệng túi, 2 dây kéo chắc chắnVải bạt chống nước, có thể giặt và tái sử dụng nhiều lầnChất liệu bền bỉ cho ...",50000,50000,,0,0,538,,available,,1000,1000,,111461,OEM
182432982,7802674624498,"KỆ ĐỂ GIÀY DÉP SAGOKER KED201TÍNH NĂNG của KỆ ĐỂ GIÀY DÉP SAGOKER KED201:Kệ giày giúp bạn lưu trữ và quản lý giày, dép một cách gọn gàng, ngăn nắp, giữ form giày, dép luôn đẹp như mới.Kiểu dáng chắc...",94999,99999,,5000,5,87,,available,,1000,1000,,4024633,SAGOKER
147386626,6994668215608,"       Bộ Nồi 3 Món Inox Cao Cấp MISU LOUIS Chính Hãng, Đáy Liền Nguyên Khối 3 Đáy, Sử Dụng Mọi Loại Bếp   /-heart /-heart /-heart sỉ 410k /1 bộ   ️ BỘ NỒI 3 món MISU LOUIS - Đẳng cấp làm lên Th...",599000,599000,,0,0,0,,available,,1000,1000,,111461,OEM
70820849,1743485832108,Pin CR2032 Energizer 3V chính hãng  • Loại pin: Pin Lithium.  • Hãng: Energizer (USA).  • Model: Energizer CR2032.  • Điện thế: 3V.  • Kích thước: Pin CR2032/ Pin cúc áo/ Pin đồng xu/ 5004LC/ BR2032/...,55100,58000,,2900,5,228,,available,,1000,1000,,19312,Energizer
32021492,2909854322581,"Ổ Khóa Số Du Lịch Stanley S742-054 là loại khóa số có ứng dụng rộng rãi, được nhiều người chọn lựa vì tính an toàn mà sản phẩm mang lại. Khóa STANLEY được coi là sản phẩm được sản xuất và kiểm soát c...",136000,167000,,31000,19,33,,available,,1000,1000,,26718,Stanley
255640837,5528009757958,"Mô tả sản phẩm Khăn Lau Chén Bát 2 Màu Đa Năng Siêu Thấm Hút Sợi VảiĐây là sản phẩm quà tặng kèm, shop không kinh doanh sản phẩm này, khách thông cảm ạ !Khăn lau chén bát đa năng với chất vải mềm ...",6000,6000,,0,0,0,,available,,1000,1000,,111461,OEM
7221847,8479744178320,"Thân nồi được làm bằng inox cao cấpBộ Nồi Inox 5 Đáy Sunhouse Mama SH784 chất liệu inox cao cấp giúp cho bộ nồi SH784 sáng bóng, dễ dàng lau chùi, vệ sinh. Kiểu dáng của bộ nồi sang trọng,...",694000,1340000,,646000,48,288,,available,,1000,1000,,41048,Sunhouse
132247327,8395787340640,"       Nồi hấp 3 tầng 28cm.     trọn bộ    Dùng được tất cả các loại bếp    Đồ xôi, hâm nóng thước ăn, luộc gà cùng lúc siêu tiết kiệm.   ️️Bỏ 2 tầng trên ra thành nồi nấu canh, luộc gà đk 28c...",99900,99900,,0,0,0,,available,,1000,1000,,111461,OEM
197070658,3094683633594,"Cây Lau Nhà 360 VinBuy Thông Minh Tự Vắt với thiết kế thông minh tự vắt khô nước mà không cần đụng tay. Rất tiện lợi, sạch sẽ bảo vệ da tay sức khỏe của chị em khi lau dọn nhà cửa.Chổi lau nhà vắt k...",172000,299000,,127000,42,43,,available,,1000,1000,,4224691,VinBuy
206485076,7914870955601,"Một nén hương - Một lòng thành kính. Một làn khói - Một tâm an. Hay đơn giản là sự thư giãn tịnh tâm sau 1 ngày dài làm việc căng thẳng.Bạn chọn làn khói thiên nhiên thuần khiết, làn khói an toàn cho...",48000,60000,,12000,20,158,,available,,1000,1000,,7486975,Dương Minh Since 1984
115436781,5506839027893,"Dây đèn LED sử dụng năng lượng mặt trời để chiếu sáng rất tiết kiệm điện và dễ lắp đặt.Kích thước bóng: bóng nhỏ 1.8cm, bóng lớn 2.5cmBộ sản phẩm gồm: 1 dây đèn LED, 1 tấm pin mặt trời tích hợp nút đi...",270000,270000,,0,0,41,,available,,1000,1000,,111461,OEM
273159831,7459903129368,Quả Thông Khô Đà Lạt Tự Nhiên Trang Trí Giáng Sinh Đóng gói:  1 quả thông tự nhiên (kích thước có thể sai lệch 1-3cm so với thông số)️ Tính năng Thông Đà Lạt tự nhiên được phơi khô để tiện bảo quản ...,40000,40000,,0,0,0,,available,,1000,1000,,5706641,NAVIVU
272913561,5892747945914," GEL THÔNG TẮC SINH HỌC VỆ SINH CỐNG, LÀM SẠCH ĐƯỜNG ỐNG, CHẬU RỬA BÁT, NHÀ VỆ SINH AIKOMI Gel Thông Tắc Đường Ống Sinh Học AIKOMI với công nghệ Nhật Bản tiên tiến kết hợp các thành phần hoá học chuy...",71250,75000,,3750,5,4,,available,,1000,1000,,4995383,Ximo
16363204,3506345860110,Cân Điện Tử Cầm Tay Thép Ngang PT153 – Cân Điện Tử Mini Dạng Treo Nhỏ Gọn Tiện Lợi. Tự động khóa chỉ số cân sau 3 giây (lưu lại chỉ số cân ngay cả khi bạn tháo vật được cân ra khỏi cân). Kiểu dáng nhỏ...,129000,129000,,0,0,38,,available,,1000,1000,,111461,OEM
160310283,6084601592885,"Găng Tay Tắm Funu Giúp Tẩy Tế Bào Chết, Làm Sạch Da - Hàng Chính HãngTÍNH NĂNG ƯU VIỆT CỦA SẢN PHẨM- Găng Tay Tắm Funu Giúp Tẩy Tế Bào Chết, Làm Sạch Da toàn thân, thay thế khăn tắm truyền thống, dễ...",30360,33000,,2640,8,232,,available,,1000,1000,,839837,FuNu
22430108,2204094611878,"Chất liệu : nhựa PVC dẻo, sử dụng được nhiều lầnKích thước : nhiều kích thước Ủng có màu : trắngỦng có khóa kéo và dây buộc chống thắm nướcỦng có đế cao su chống trơn trượtỦng làm bằng nhựa dẻo ...",69900,69900,,0,0,2,,available,,1000,1000,,111461,OEM
106563599,6200556691392,"Bóng đèn Philips LEDBright E27 230V 1CT/12 APR, mang trong mình thiết kế hiện đại, mạnh mẽ và sang trọng đến từ thương hiệu Philips sẽ khiến bạn hài lòng trong quá trình sử dụng, chất lượng sáng cao, ...",63700,89500,,25800,29,134,,available,,1000,1000,,19018,Philips
57971649,1228390051603,"Chảo Lock&Lock Easy Frypan được thiết kế tiện dụng, giúp bạn thao tác nấu nướng linh hoạt hơn mà vẫn đảm bảo an toàn.Sản phẩm được làm bằng hợp kim nhôm, phủ lớp chống bám dính hiệu quả, khó trầ...",285000,593000,,308000,52,357,,available,,1000,1000,,48077,LocknLock
